{
  "project_info": {
    "project_number": "831027870202",
    "firebase_url": "https://newchat-8d312-default-rtdb.firebaseio.com",
    "project_id": "newchat-8d312",
    "storage_bucket": "newchat-8d312.firebasestorage.app"
  },
  "client": [
    {
      "client_info": {
        "mobilesdk_app_id": "1:831027870202:android:97453e62bce504ebd1cc43",
        "android_client_info": {
          "package_name": "com.example.myapplication"
        }
      },
      "oauth_client": [],
      "api_key": [
        {
          "current_key": "AIzaSyDHv_9xZCBZrC4tKU_XHCA8fdBSyidMGJI"
        }
      ],
      "services": {
        "appinvite_service": {
          "other_platform_oauth_client": []
        }
      }
    },
    {
      "client_info": {
        "mobilesdk_app_id": "1:831027870202:android:1cf4c322e182825ad1cc43",
        "android_client_info": {
          "package_name": "dem.corp.androidmessenger"
        }
      },
      "oauth_client": [],
      "api_key": [
        {
          "current_key": "AIzaSyDHv_9xZCBZrC4tKU_XHCA8fdBSyidMGJI"
        }
      ],
      "services": {
        "appinvite_service": {
          "other_platform_oauth_client": []
        }
      }
    }
  ],
  "configuration_version": "1"
}